,name,url
0,zupa dyniowo cukiniowa z makaronem z cukinii,https://www.kwestiasmaku.com/przepis/zupa-dyniowo-cukiniowa-z-makaronem-z-cukinii
1,muffiny jablkowe,https://www.kwestiasmaku.com/przepis/muffiny-jablkowe
2,gulasz wegierski,https://www.kwestiasmaku.com/przepis/gulasz-wegierski
3,racuchy drozdzowe z jablkami,https://www.kwestiasmaku.com/przepis/racuchy-drozdzowe-z-jablkami
4,kanapka z tunczykiem i jajkiem,https://www.kwestiasmaku.com/przepis/kanapka-z-tunczykiem-i-jajkiem
5,kurczak w sosie sweet chilli,https://www.kwestiasmaku.com/przepis/kurczak-w-sosie-sweet-chilli
6,makaron z grzybami i boczkiem,https://www.kwestiasmaku.com/przepis/makaron-z-grzybami-i-boczkiem
7,szyszki z ryzu preparowanego krowek i masla orzechowego,https://www.kwestiasmaku.com/przepis/szyszki-z-ryzu-preparowanego-krowek-i-masla-orzechowego
8,tantanmen ramen,https://www.kwestiasmaku.com/przepis/tantanmen-ramen
9,filety kurczaka z cukinia szpinakiem i suszonymi pomidorami,https://www.kwestiasmaku.com/przepis/filety-kurczaka-z-cukinia-szpinakiem-i-suszonymi-pomidorami
10,drozdzowki ze sliwkami,https://www.kwestiasmaku.com/przepis/drozdzowki-ze-sliwkami
11,sos kurkowy,https://www.kwestiasmaku.com/przepis/sos-kurkowy
12,pulpeciki w sosie kurkowym,https://www.kwestiasmaku.com/przepis/pulpeciki-w-sosie-kurkowym
13,salatka z figami,https://www.kwestiasmaku.com/przepis/salatka-z-figami
14,grillowany kurczak z sosem tzatziki,https://www.kwestiasmaku.com/przepis/grillowany-kurczak-z-sosem-tzatziki
15,fasolka zapiekana z feta i cukinia,https://www.kwestiasmaku.com/przepis/fasolka-zapiekana-z-feta-i-cukinia
16,pieczone warzywa z kasza i szpinakiem,https://www.kwestiasmaku.com/przepis/pieczone-warzywa-z-kasza-i-szpinakiem
17,salatka ziemniaczana 0,https://www.kwestiasmaku.com/przepis/salatka-ziemniaczana-0
18,ciasto z jablkami i cynamonowa skorupka,https://www.kwestiasmaku.com/przepis/ciasto-z-jablkami-i-cynamonowa-skorupka
19,zupa z jarmuzem porem ziemniakami i boczkiem,https://www.kwestiasmaku.com/przepis/zupa-z-jarmuzem-porem-ziemniakami-i-boczkiem
20,losos w kremowym sosie z kurkami i szpinakiem,https://www.kwestiasmaku.com/przepis/losos-w-kremowym-sosie-z-kurkami-i-szpinakiem
21,ciasto z jablkami,https://www.kwestiasmaku.com/przepis/ciasto-z-jablkami
22,babka migdalowa z owocami,https://www.kwestiasmaku.com/przepis/babka-migdalowa-z-owocami
23,ciasto z owocami i kruszonka,https://www.kwestiasmaku.com/przepis/ciasto-z-owocami-i-kruszonka
24,zapiekanka makaronowa z miesem mielonym i cukinia,https://www.kwestiasmaku.com/przepis/zapiekanka-makaronowa-z-miesem-mielonym-i-cukinia
25,ciasto jogurtowe z borowkami,https://www.kwestiasmaku.com/przepis/ciasto-jogurtowe-z-borowkami
26,zapiekanka makaronowa z kurczakiem i cukinia,https://www.kwestiasmaku.com/przepis/zapiekanka-makaronowa-z-kurczakiem-i-cukinia
27,kurczak w sosie chimichurri,https://www.kwestiasmaku.com/przepis/kurczak-w-sosie-chimichurri
28,owsiane muffiny z malinami i biala czekolada,https://www.kwestiasmaku.com/przepis/owsiane-muffiny-z-malinami-i-biala-czekolada
29,pulpeciki z cukinii,https://www.kwestiasmaku.com/przepis/pulpeciki-z-cukinii
30,sos marinara,https://www.kwestiasmaku.com/przepis/sos-marinara
31,losos z baklazanem po koreansku,https://www.kwestiasmaku.com/przepis/losos-z-baklazanem-po-koreansku
32,kurczak z brokulami,https://www.kwestiasmaku.com/przepis/kurczak-z-brokulami
33,zestaw lunchowy z grillowanym kurczakiem salatka grecka i bulgurem,https://www.kwestiasmaku.com/przepis/zestaw-lunchowy-z-grillowanym-kurczakiem-salatka-grecka-i-bulgurem
34,makaron z kurczakiem i fasolka,https://www.kwestiasmaku.com/przepis/makaron-z-kurczakiem-i-fasolka
35,jajka zapiekane na boczku,https://www.kwestiasmaku.com/przepis/jajka-zapiekane-na-boczku
36,zupa z kurczakiem fasolka i ziemniakami,https://www.kwestiasmaku.com/przepis/zupa-z-kurczakiem-fasolka-i-ziemniakami
37,souvlaki z kurczaka,https://www.kwestiasmaku.com/przepis/souvlaki-z-kurczaka
38,fasolka szparagowa z pomidorami,https://www.kwestiasmaku.com/przepis/fasolka-szparagowa-z-pomidorami
39,halibut z sosem chimichurri,https://www.kwestiasmaku.com/przepis/halibut-z-sosem-chimichurri
40,truskawkowy cooler,https://www.kwestiasmaku.com/przepis/truskawkowy-cooler
41,poledwiczka z porami,https://www.kwestiasmaku.com/przepis/poledwiczka-z-porami
42,makaron z pieczonymi pomidorami,https://www.kwestiasmaku.com/przepis/makaron-z-pieczonymi-pomidorami
43,espresso tonic,https://www.kwestiasmaku.com/przepis/espresso-tonic
44,salatka z truskawkami i boczkiem,https://www.kwestiasmaku.com/przepis/salatka-z-truskawkami-i-boczkiem
